"","carat","cut","clarity","price"
"1",0.31,"Ideal","IF",874
"2",0.77,"Ideal","SI2",2677
"3",0.32,"Very Good","VS1",660
"4",1.29,"Premium","VS2",6987
"5",1,"Very Good","VS2",7343
"6",0.56,"Very Good","SI2",1091
"7",1.05,"Ideal","VVS2",8645
"8",2.01,"Premium","SI2",12407
"9",0.32,"Ideal","VVS1",854
"10",0.35,"Good","SI1",472
"11",0.7,"Ideal","VS1",3016
"12",0.5,"Premium","VVS2",1814
"13",0.36,"Premium","VS2",932
"14",1.21,"Ideal","VVS1",10232
"15",0.3,"Ideal","VS2",844
"16",0.7,"Very Good","SI2",1890
"17",1,"Ideal","VVS2",9294
"18",0.55,"Ideal","SI1",1819
"19",0.72,"Premium","SI1",2311
"20",0.59,"Premium","VS1",1991
"21",1.03,"Ideal","VVS2",8972
"22",0.31,"Ideal","VS1",683
"23",0.49,"Premium","SI2",980
"24",1.02,"Good","VS1",7602
"25",0.4,"Premium","VS2",1050
"26",0.54,"Premium","SI2",1240
"27",1.08,"Ideal","SI1",4476
"28",1.34,"Ideal","I1",6303
"29",0.39,"Ideal","IF",865
"30",0.41,"Good","VS2",873
"31",1.01,"Very Good","VVS2",8922
"32",0.57,"Ideal","VVS2",2402
"33",0.7,"Ideal","IF",3167
"34",1.25,"Good","SI2",4725
"35",2.07,"Very Good","VS2",13495
"36",0.53,"Ideal","VS2",1607
"37",0.7,"Good","SI1",2470
"38",1.7,"Premium","SI1",14611
"39",0.41,"Very Good","VS2",835
"40",0.3,"Very Good","IF",895
"41",0.4,"Premium","VS1",1050
"42",0.61,"Very Good","SI1",1983
"43",0.33,"Ideal","VS2",723
"44",1.02,"Ideal","SI1",5655
"45",0.6,"Ideal","SI1",1580
"46",0.32,"Ideal","SI1",461
"47",1.15,"Premium","SI1",6041
"48",0.31,"Ideal","VS2",628
"49",0.77,"Good","VS2",2911
"50",1.2,"Fair","SI2",4915
"51",0.37,"Premium","VS1",1030
"52",0.29,"Ideal","VVS1",815
"53",0.5,"Very Good","VVS2",1838
"54",0.55,"Ideal","SI1",982
"55",0.4,"Ideal","VVS2",1010
"56",0.9,"Premium","VS1",4064
"57",0.71,"Very Good","VS1",2062
"58",1.01,"Good","VVS2",8569
"59",1.51,"Good","SI1",9258
"60",0.46,"Ideal","SI2",864
"61",0.4,"Very Good","SI1",694
"62",1.34,"Very Good","VS2",9127
"63",1,"Ideal","SI1",5880
"64",0.53,"Ideal","VS2",1956
"65",0.41,"Good","VS1",891
"66",1.13,"Ideal","I1",3603
"67",1.2,"Ideal","VVS2",7688
"68",0.41,"Good","VS1",1166
"69",0.37,"Ideal","SI1",616
"70",0.33,"Very Good","SI1",540
"71",0.51,"Very Good","SI1",1569
"72",1.26,"Premium","VVS2",14663
"73",0.41,"Ideal","VVS1",1431
"74",2,"Ideal","SI1",13675
"75",2.01,"Fair","I1",5696
"76",0.45,"Ideal","VS2",672
"77",1.26,"Ideal","SI2",6362
"78",0.4,"Very Good","IF",1220
"79",0.43,"Very Good","VS2",981
"80",0.31,"Very Good","SI1",555
"81",1.63,"Ideal","SI1",11078
"82",0.9,"Premium","VS1",4234
"83",0.75,"Very Good","SI1",2462
"84",0.54,"Very Good","SI1",1404
"85",1.01,"Premium","VVS2",7466
"86",1.3,"Premium","VVS1",11162
"87",1.06,"Ideal","SI2",4092
"88",0.9,"Good","SI1",3734
"89",0.9,"Premium","VS2",4234
"90",1.01,"Premium","I1",2017
"91",0.33,"Ideal","VS1",768
"92",0.3,"Very Good","VS1",608
"93",0.31,"Ideal","IF",914
"94",0.32,"Premium","VS2",900
"95",0.71,"Ideal","SI1",2590
"96",0.52,"Ideal","VS1",1887
"97",0.5,"Premium","SI1",1286
"98",0.95,"Very Good","SI1",4711
"99",0.31,"Ideal","VVS1",557
"100",0.42,"Ideal","VVS1",1326
"101",0.31,"Premium","SI1",593
"102",1.62,"Premium","SI1",13298
"103",1.12,"Ideal","VS2",6110
"104",0.51,"Ideal","SI1",1346
"105",1.26,"Ideal","SI1",6476
"106",0.52,"Ideal","IF",2387
"107",1.51,"Ideal","VS2",7651
"108",1.04,"Premium","SI2",4013
"109",0.9,"Ideal","VS2",3255
"110",0.31,"Ideal","VS1",645
"111",0.32,"Premium","SI1",554
"112",0.52,"Ideal","VS2",1825
"113",0.31,"Premium","VS2",636
"114",0.7,"Premium","VVS2",3389
"115",0.76,"Ideal","VVS2",2788
"116",0.32,"Ideal","VS2",612
"117",0.28,"Ideal","VS2",598
"118",0.8,"Very Good","SI1",2745
"119",0.73,"Premium","VVS2",2519
"120",0.5,"Very Good","VVS2",1904
"121",0.53,"Good","VS2",1395
"122",0.72,"Ideal","IF",2279
"123",1.07,"Premium","VS2",7550
"124",0.8,"Very Good","SI1",3013
"125",1.3,"Premium","VS1",6931
"126",1.21,"Ideal","SI1",5936
"127",0.7,"Premium","SI2",2268
"128",0.7,"Very Good","VS2",2188
"129",1.33,"Fair","I1",4698
"130",0.42,"Ideal","VVS1",1235
"131",0.55,"Ideal","VS2",1928
"132",1.98,"Ideal","SI1",14581
"133",0.57,"Very Good","SI1",1180
"134",1.55,"Premium","VS2",11567
"135",0.4,"Ideal","SI1",726
"136",0.81,"Good","SI1",2599
"137",0.5,"Very Good","VS1",1665
"138",0.4,"Very Good","VS1",959
"139",0.53,"Good","SI1",1363
"140",1,"Ideal","VVS1",6535
"141",0.33,"Ideal","IF",838
"142",1.02,"Ideal","SI1",4685
"143",0.26,"Ideal","SI1",447
"144",0.91,"Very Good","SI1",3007
"145",0.31,"Ideal","VVS2",791
"146",1.35,"Premium","SI2",5919
"147",1.53,"Premium","SI1",12499
"148",1.06,"Ideal","SI2",4270
"149",0.39,"Ideal","SI1",568
"150",0.5,"Very Good","VVS2",2052
"151",2.44,"Very Good","SI1",17472
"152",1.13,"Good","I1",3127
"153",0.5,"Very Good","VS2",1272
"154",0.3,"Premium","VVS1",878
"155",0.35,"Very Good","SI2",669
"156",0.76,"Very Good","SI1",2316
"157",1.58,"Premium","VS1",11380
"158",0.52,"Ideal","IF",2111
"159",0.7,"Very Good","SI2",1940
"160",0.41,"Good","IF",1061
"161",0.62,"Ideal","SI2",1441
"162",1.02,"Ideal","SI1",6264
"163",0.91,"Fair","VVS1",4115
"164",1.03,"Good","I1",2540
"165",0.98,"Fair","SI1",3583
"166",2.02,"Premium","SI2",17099
"167",1,"Premium","VS1",7812
"168",0.72,"Ideal","SI2",1866
"169",0.54,"Premium","SI2",1013
"170",0.9,"Good","SI2",3895
"171",0.4,"Very Good","VS2",791
"172",1,"Ideal","SI1",4592
"173",0.4,"Premium","VVS1",842
"174",0.41,"Premium","VS1",1079
"175",0.92,"Good","SI2",3891
"176",1.26,"Ideal","VS1",9907
"177",0.7,"Very Good","SI1",2210
"178",0.31,"Ideal","SI1",732
"179",0.37,"Premium","SI1",791
"180",1.57,"Premium","SI1",12417
"181",0.31,"Ideal","VVS1",707
"182",1.4,"Very Good","VS1",11584
"183",1.21,"Ideal","VS2",10353
"184",1.2,"Premium","VS1",5107
"185",0.91,"Good","VVS2",5225
"186",1.14,"Ideal","VS1",7948
"187",1.02,"Very Good","VS2",6612
"188",1.03,"Premium","VS2",7718
"189",2.01,"Ideal","SI2",14167
"190",0.76,"Ideal","VS2",3443
"191",0.58,"Ideal","VS2",1558
"192",0.7,"Ideal","SI2",1832
"193",0.48,"Very Good","VVS1",1914
"194",1.24,"Premium","VS2",9738
"195",0.7,"Ideal","SI1",2872
"196",0.48,"Ideal","IF",1859
"197",1.2,"Very Good","VS2",8032
"198",0.41,"Premium","VVS1",1107
"199",0.7,"Very Good","VS1",2473
"200",0.32,"Ideal","VVS2",1109
"201",0.7,"Very Good","SI1",2923
"202",0.32,"Ideal","SI1",479
"203",0.71,"Premium","VS2",2735
"204",0.72,"Premium","SI1",2385
"205",0.24,"Very Good","VVS2",485
"206",0.91,"Very Good","VS2",4823
"207",2,"Good","SI1",18069
"208",1.15,"Very Good","SI1",5538
"209",0.77,"Premium","VS2",3428
"210",1.02,"Premium","VS2",5666
"211",2.3,"Ideal","SI2",16329
"212",0.41,"Ideal","SI1",1110
"213",0.75,"Ideal","VS1",3402
"214",0.4,"Premium","SI1",737
"215",0.38,"Ideal","VVS2",1176
"216",1.01,"Very Good","SI1",4375
"217",1.1,"Premium","VS2",3696
"218",0.5,"Very Good","VS2",1629
"219",1.01,"Ideal","VVS2",9483
"220",1.1,"Premium","SI1",4472
"221",2.1,"Premium","SI2",16479
"222",0.52,"Good","SI1",1073
"223",0.39,"Very Good","VS2",650
"224",0.31,"Ideal","VS1",544
"225",0.32,"Ideal","VS2",660
"226",1.2,"Very Good","SI1",7909
"227",0.33,"Ideal","VVS2",1040
"228",0.31,"Premium","VS1",523
"229",0.56,"Premium","VS1",2016
"230",1.57,"Very Good","VS2",9443
"231",2.04,"Premium","SI2",15398
"232",0.41,"Ideal","VS2",875
"233",0.4,"Good","SI2",720
"234",0.5,"Very Good","SI1",1250
"235",0.26,"Very Good","VS2",403
"236",0.4,"Ideal","VVS1",1043
"237",0.71,"Ideal","SI2",2168
"238",0.55,"Ideal","SI2",1363
"239",0.34,"Ideal","SI1",584
"240",0.78,"Ideal","SI2",2596
"241",2.06,"Very Good","I1",9789
"242",2.08,"Premium","SI2",15873
"243",0.31,"Ideal","IF",635
"244",0.91,"Ideal","SI1",5431
"245",0.31,"Ideal","VS2",734
"246",1.07,"Ideal","VVS2",12545
"247",0.9,"Good","VS2",4268
"248",0.9,"Ideal","VS1",3587
"249",0.43,"Ideal","VS1",1008
"250",0.8,"Ideal","SI2",3066
"251",0.6,"Very Good","SI1",1402
"252",0.91,"Very Good","SI1",4049
"253",0.7,"Good","SI1",2218
"254",0.3,"Ideal","VVS1",764
"255",1.01,"Good","SI2",4135
"256",0.4,"Ideal","SI1",624
"257",0.4,"Premium","SI2",666
"258",0.65,"Ideal","VVS1",4320
"259",0.34,"Ideal","VS2",537
"260",0.27,"Ideal","VVS2",566
"261",0.31,"Ideal","VS1",695
"262",0.7,"Premium","SI2",2596
"263",0.44,"Ideal","SI1",810
"264",0.77,"Very Good","SI1",3241
"265",1.22,"Premium","VS2",5930
"266",0.39,"Very Good","SI1",709
"267",0.58,"Ideal","VS2",1884
"268",0.42,"Ideal","VVS2",1389
"269",0.5,"Very Good","VS2",1752
"270",0.36,"Ideal","SI1",538
"271",0.3,"Ideal","SI2",426
"272",0.37,"Premium","SI1",649
"273",1.02,"Ideal","VVS1",11128
"274",0.5,"Premium","SI1",1654
"275",1.07,"Very Good","VS1",7768
"276",1.75,"Ideal","VS2",12238
"277",1.5,"Ideal","VS2",13428
"278",1.01,"Premium","SI2",4308
"279",0.42,"Ideal","VVS1",1547
"280",1.35,"Premium","VS2",9580
"281",1.13,"Very Good","SI1",4922
"282",0.31,"Ideal","VVS1",789
"283",1.34,"Premium","SI2",6464
"284",1.07,"Premium","SI1",4949
"285",1.07,"Premium","SI2",4943
"286",0.52,"Premium","VS2",1815
"287",0.26,"Ideal","VS1",482
"288",1.09,"Ideal","VVS1",7055
"289",0.59,"Premium","VS2",1789
"290",0.55,"Ideal","VVS2",1806
"291",1.27,"Very Good","VS2",7312
"292",1,"Ideal","SI1",5929
"293",0.55,"Premium","VS2",2376
"294",1.51,"Premium","SI1",9762
"295",0.3,"Good","VS1",776
"296",1.5,"Ideal","VS2",12787
"297",0.34,"Ideal","IF",695
"298",0.26,"Ideal","VS1",462
"299",0.3,"Very Good","VVS2",878
"300",0.52,"Ideal","VS2",1600
"301",1.02,"Very Good","VS2",6632
"302",0.33,"Premium","VS1",666
"303",0.41,"Ideal","VS1",824
"304",0.71,"Premium","SI2",2137
"305",1.5,"Ideal","VS2",9761
"306",1.52,"Ideal","SI2",7661
"307",2.19,"Very Good","SI1",14819
"308",0.92,"Premium","SI2",3174
"309",0.47,"Very Good","VS1",1795
"310",1.02,"Ideal","SI2",2856
"311",1.11,"Good","VS2",7480
"312",0.57,"Ideal","VVS2",2322
"313",0.4,"Premium","VS1",982
"314",0.27,"Ideal","VS2",490
"315",1.01,"Good","SI2",4149
"316",0.54,"Very Good","VS2",1786
"317",0.77,"Ideal","VS2",3303
"318",1.2,"Very Good","SI2",3880
"319",0.7,"Premium","VS1",2695
"320",1.44,"Very Good","VS2",10967
"321",1.51,"Very Good","SI2",8050
"322",0.31,"Very Good","SI1",571
"323",0.42,"Very Good","SI1",784
"324",0.77,"Very Good","SI1",3040
"325",1.25,"Ideal","SI2",5355
"326",0.55,"Ideal","VS2",1928
"327",0.29,"Very Good","VS1",481
"328",2.03,"Premium","SI2",12268
"329",1.23,"Very Good","VVS1",8405
"330",0.32,"Ideal","VVS2",730
"331",1.56,"Premium","VS2",7326
"332",0.4,"Very Good","VVS1",1123
"333",0.9,"Very Good","VS2",4493
"334",0.63,"Ideal","VS2",2182
"335",0.91,"Very Good","SI1",3884
"336",1.15,"Premium","SI2",4743
"337",0.41,"Ideal","VS2",1007
"338",1.52,"Premium","VS1",8110
"339",1,"Fair","SI2",3027
"340",0.51,"Ideal","VS2",1781
"341",1.01,"Very Good","VVS2",7665
"342",0.32,"Ideal","VVS2",864
"343",1.02,"Premium","SI2",4455
"344",0.41,"Ideal","VVS2",1243
"345",0.33,"Ideal","VS1",743
"346",0.82,"Premium","SI1",2893
"347",0.52,"Ideal","VS1",1893
"348",0.32,"Ideal","VS2",900
"349",1.01,"Good","SI2",4807
"350",2.13,"Premium","VS2",15110
"351",0.3,"Very Good","VS1",675
"352",0.76,"Ideal","SI2",2404
"353",0.5,"Premium","VVS1",2070
"354",0.6,"Ideal","VS2",2061
"355",2.18,"Very Good","SI1",13812
"356",0.42,"Ideal","IF",1400
"357",0.41,"Ideal","SI1",904
"358",1.23,"Ideal","VVS1",11417
"359",0.4,"Premium","SI1",945
"360",0.71,"Premium","SI2",1826
"361",0.53,"Ideal","VS2",1857
"362",0.73,"Ideal","VS2",3980
"363",0.67,"Good","VS2",2270
"364",0.6,"Ideal","VS2",1795
"365",1.09,"Ideal","VS2",5421
"366",0.39,"Ideal","VS2",985
"367",0.3,"Very Good","VS1",394
"368",0.24,"Very Good","VVS1",485
"369",1.5,"Premium","SI2",7056
"370",0.4,"Premium","VVS2",982
"371",0.3,"Ideal","VVS1",862
"372",0.4,"Premium","VS1",877
"373",0.7,"Fair","VS2",1896
"374",1.2,"Very Good","VS2",8032
"375",0.36,"Ideal","SI1",505
"376",0.4,"Ideal","VVS1",1279
"377",1.01,"Good","IF",15081
"378",0.71,"Good","VS2",2599
"379",0.32,"Ideal","VVS2",730
"380",0.36,"Ideal","VVS1",764
"381",2.18,"Ideal","VS2",16427
"382",0.37,"Ideal","VS2",1041
"383",0.31,"Ideal","IF",901
"384",0.5,"Good","SI1",1190
"385",0.3,"Ideal","VS2",605
"386",1.5,"Good","SI1",8254
"387",0.53,"Ideal","SI1",1038
"388",0.7,"Ideal","VVS2",3325
"389",0.54,"Premium","VS2",1892
"390",1.08,"Ideal","VS2",5000
"391",1.22,"Ideal","VS1",8167
"392",0.46,"Premium","VS1",1139
"393",2.3,"Ideal","SI2",14215
"394",0.53,"Ideal","VVS1",2834
"395",0.9,"Premium","SI1",3774
"396",1.51,"Good","VS1",8271
"397",1.52,"Very Good","VVS2",11904
"398",0.83,"Ideal","SI1",3482
"399",1.51,"Very Good","VS2",12311
"400",0.23,"Very Good","VVS2",485
"401",0.32,"Very Good","SI1",449
"402",1.14,"Premium","VVS2",10446
"403",0.51,"Very Good","SI1",1438
"404",0.32,"Ideal","SI2",450
"405",0.4,"Good","VS1",954
"406",0.59,"Ideal","VVS2",2283
"407",1.33,"Good","SI2",6152
"408",0.71,"Ideal","VS2",3553
"409",0.75,"Good","SI1",1965
"410",0.58,"Ideal","VS1",1984
"411",0.42,"Premium","VS1",1181
"412",0.33,"Ideal","VS1",534
"413",0.33,"Very Good","SI1",463
"414",1,"Premium","SI1",4816
"415",0.32,"Premium","VVS1",936
"416",2.1,"Premium","VVS1",17606
"417",1.01,"Good","SI1",4989
"418",1.12,"Premium","VS1",5952
"419",1,"Ideal","SI2",4808
"420",0.5,"Very Good","VS1",1849
"421",0.9,"Good","SI2",3318
"422",0.27,"Very Good","VS2",518
"423",0.58,"Ideal","VS2",1752
"424",1.05,"Premium","VS1",3822
"425",0.9,"Very Good","SI1",4092
"426",1.19,"Premium","SI2",4498
"427",0.39,"Ideal","VVS2",952
"428",1.21,"Premium","VS1",9448
"429",0.55,"Ideal","VS2",1894
"430",0.51,"Ideal","VVS2",1825
"431",0.54,"Premium","VS1",2100
"432",0.32,"Ideal","VVS1",954
"433",0.57,"Fair","VS1",1788
"434",0.9,"Good","SI2",3595
"435",0.52,"Premium","SI1",1387
"436",0.39,"Ideal","IF",1624
"437",1.5,"Premium","VS1",10584
"438",1.01,"Fair","SI2",3801
"439",1.01,"Very Good","VS2",6666
"440",1.05,"Ideal","VVS1",8946
"441",0.8,"Very Good","SI1",2914
"442",0.8,"Very Good","VS2",2414
"443",0.3,"Ideal","VVS1",814
"444",1.53,"Very Good","SI2",9391
"445",0.32,"Very Good","VS2",576
"446",1.01,"Very Good","VS2",6159
"447",0.37,"Ideal","VVS1",1764
"448",0.33,"Ideal","VS1",854
"449",0.9,"Very Good","SI2",3391
"450",1.79,"Premium","VS2",10581
"451",0.55,"Premium","VS2",1668
"452",0.47,"Premium","VVS2",1833
"453",1.04,"Premium","VS1",5882
"454",0.45,"Ideal","VVS2",1817
"455",0.9,"Good","SI1",4463
"456",1.23,"Ideal","SI2",4819
"457",1.14,"Very Good","SI2",4652
"458",1.22,"Premium","VS1",7283
"459",0.51,"Ideal","VS2",1781
"460",2,"Ideal","I1",10685
"461",0.27,"Ideal","VVS1",586
"462",1.56,"Very Good","SI1",8470
"463",0.32,"Good","SI2",374
"464",2.05,"Premium","VS2",16235
"465",1.12,"Premium","SI1",4373
"466",0.51,"Premium","SI1",1421
"467",0.7,"Fair","SI2",1998
"468",1.1,"Very Good","SI1",4640
"469",0.5,"Ideal","VS2",1554
"470",1.51,"Ideal","VS2",14844
"471",0.51,"Very Good","VS1",1752
"472",0.28,"Ideal","IF",650
"473",1.04,"Very Good","SI1",5381
"474",1.13,"Very Good","SI2",4195
"475",0.32,"Premium","VS1",720
"476",1.19,"Ideal","I1",3794
"477",0.55,"Ideal","VVS2",2064
"478",0.8,"Premium","VS1",3813
"479",1.03,"Good","VS2",3795
"480",0.33,"Good","SI1",557
"481",0.3,"Very Good","SI1",554
"482",1.07,"Premium","VS2",4374
"483",0.9,"Premium","VS1",3838
"484",0.4,"Ideal","VS2",982
"485",0.9,"Ideal","I1",2611
"486",0.53,"Ideal","VS1",1772
"487",0.51,"Ideal","VS2",1716
"488",1,"Good","VVS2",7226
"489",1.51,"Ideal","SI1",11465
"490",0.4,"Premium","VS2",1050
"491",0.27,"Ideal","VS1",527
"492",0.77,"Ideal","VS2",3154
"493",0.59,"Premium","SI1",1912
"494",1.03,"Ideal","SI2",3749
"495",1.51,"Ideal","VS2",6511
"496",0.38,"Premium","VVS1",1119
"497",0.3,"Very Good","VS2",675
"498",0.75,"Premium","VVS2",3822
"499",0.75,"Fair","SI1",2376
"500",0.31,"Ideal","VS2",872
"501",1.51,"Premium","VS2",12756
"502",0.45,"Ideal","VVS2",1105
"503",0.7,"Ideal","VS2",3268
"504",0.3,"Premium","IF",1130
"505",0.33,"Ideal","VVS1",1374
"506",0.35,"Ideal","VS2",722
"507",0.51,"Ideal","VS2",2085
"508",2.01,"Fair","SI1",13387
"509",1.32,"Good","SI1",6830
"510",0.31,"Ideal","VVS1",907
"511",0.31,"Ideal","VS2",803
"512",1,"Very Good","VS1",4641
"513",0.36,"Very Good","SI1",537
"514",1.59,"Good","SI1",11716
"515",1.01,"Premium","VS2",5759
"516",0.73,"Ideal","VS2",2756
"517",0.9,"Fair","VS1",2732
"518",0.76,"Ideal","SI2",2489
"519",0.38,"Very Good","IF",827
"520",0.5,"Ideal","SI1",1331
"521",0.42,"Premium","VS1",984
"522",0.32,"Ideal","VS2",648
"523",1.32,"Very Good","SI1",7283
"524",1.25,"Ideal","VS2",10114
"525",0.71,"Premium","VVS2",2386
"526",0.54,"Ideal","SI1",1395
"527",1.52,"Premium","SI1",12823
"528",0.3,"Ideal","VVS1",753
"529",0.32,"Ideal","VVS2",843
"530",1.5,"Good","SI2",7897
"531",0.43,"Premium","SI2",903
"532",0.3,"Ideal","VS2",776
"533",0.57,"Ideal","VS2",2491
"534",1.13,"Fair","SI1",4123
"535",1.01,"Ideal","VS2",5999
"536",0.36,"Very Good","VS2",583
"537",0.3,"Ideal","VS1",605
"538",1.62,"Good","SI2",6112
"539",0.34,"Ideal","VS2",765
"540",0.55,"Ideal","VS2",1645
"541",1.15,"Premium","VS2",5191
"542",1.01,"Very Good","SI1",4617
"543",0.76,"Very Good","VS2",2873
"544",0.31,"Very Good","VS2",698
"545",0.55,"Premium","VS2",1363
"546",0.74,"Ideal","SI1",2852
"547",1.04,"Premium","SI1",4368
"548",0.58,"Good","VS2",1287
"549",0.71,"Premium","IF",3578
"550",0.41,"Premium","VS2",1107
"551",0.41,"Ideal","SI1",969
"552",1.7,"Ideal","VS1",12622
"553",1.04,"Ideal","SI1",4469
"554",0.38,"Ideal","VS1",933
"555",0.36,"Good","SI2",505
"556",0.41,"Premium","SI1",755
"557",1.01,"Very Good","VS2",5759
"558",0.33,"Ideal","VS2",781
"559",0.52,"Very Good","VS2",1680
"560",0.31,"Ideal","VS1",942
"561",1.55,"Ideal","VVS1",11869
"562",0.53,"Ideal","VVS2",2290
"563",0.72,"Ideal","SI2",2422
"564",1.7,"Ideal","VS2",15941
"565",0.51,"Ideal","SI1",1437
"566",1.2,"Ideal","VS1",11053
"567",1.51,"Very Good","VS1",11263
"568",1.02,"Premium","VS2",6909
"569",0.31,"Ideal","VS1",942
"570",0.72,"Good","VS1",2795
"571",0.53,"Ideal","SI1",1094
"572",1.6,"Ideal","VS1",12566
"573",1,"Premium","SI1",4234
"574",0.33,"Very Good","VVS1",692
"575",0.33,"Ideal","VS2",666
"576",1.06,"Premium","VS2",7408
"577",0.43,"Premium","SI2",716
"578",0.56,"Very Good","VS2",1706
"579",0.34,"Ideal","VS2",1033
"580",0.35,"Ideal","VS2",829
"581",0.53,"Very Good","VS2",1449
"582",0.41,"Premium","SI1",1015
"583",1,"Premium","VS2",6899
"584",0.91,"Premium","SI1",3475
"585",1,"Very Good","SI2",4781
"586",0.57,"Very Good","VS1",1648
"587",0.38,"Premium","VS2",1117
"588",1.51,"Ideal","VS1",11686
"589",0.9,"Ideal","SI1",4092
"590",0.32,"Very Good","VVS2",672
"591",1.7,"Premium","SI1",13737
"592",0.3,"Very Good","VS1",605
"593",0.53,"Premium","VS2",1579
"594",0.33,"Ideal","VVS2",810
"595",1.01,"Ideal","VS2",6019
"596",1.03,"Ideal","SI1",5337
"597",0.25,"Premium","VVS2",740
"598",1.06,"Ideal","SI1",5188
"599",0.44,"Premium","VS2",1073
"600",0.52,"Ideal","IF",2427
"601",0.53,"Good","VS2",1023
"602",1,"Very Good","SI2",3360
"603",1.51,"Very Good","VVS2",16716
"604",0.75,"Very Good","VS2",3206
"605",0.34,"Ideal","VS1",596
"606",1.2,"Very Good","SI2",5490
"607",0.9,"Ideal","SI1",5122
"608",1.7,"Very Good","VS1",12311
"609",0.35,"Premium","VS1",906
"610",0.9,"Very Good","VS2",4386
"611",1.13,"Ideal","VVS1",9872
"612",0.4,"Ideal","VS1",631
"613",0.31,"Very Good","SI2",462
"614",0.7,"Very Good","SI2",2335
"615",0.3,"Very Good","VS2",526
"616",0.59,"Ideal","SI1",1352
"617",0.51,"Ideal","IF",1905
"618",1.51,"Premium","VS1",16277
"619",2.28,"Premium","SI1",13919
"620",0.71,"Very Good","SI1",1979
"621",1.01,"Very Good","VS2",5779
"622",0.55,"Ideal","VVS2",1948
"623",0.36,"Ideal","SI1",626
"624",1.03,"Good","SI1",4326
"625",1.52,"Fair","VVS2",7303
"626",0.35,"Ideal","VS2",706
"627",0.38,"Ideal","VS2",787
"628",0.9,"Good","VS1",4540
"629",0.31,"Very Good","SI1",408
"630",0.31,"Ideal","VS2",684
"631",0.72,"Ideal","SI2",2224
"632",0.9,"Fair","SI1",3326
"633",0.42,"Ideal","VVS1",1179
"634",0.3,"Very Good","SI1",552
"635",1.07,"Ideal","VVS2",8212
"636",0.32,"Good","SI1",524
"637",0.33,"Ideal","VVS1",1114
"638",0.3,"Very Good","VS2",608
"639",0.5,"Premium","VVS1",2525
"640",0.5,"Fair","SI1",1134
"641",1.32,"Very Good","SI2",6294
"642",0.7,"Premium","VS2",2737
"643",0.37,"Premium","VS1",833
"644",1,"Very Good","VS1",5914
"645",0.33,"Ideal","VS2",738
"646",0.58,"Ideal","SI1",1389
"647",1.31,"Ideal","SI1",8227
"648",2.2,"Very Good","SI2",11088
"649",0.44,"Ideal","VS2",869
"650",0.8,"Ideal","IF",6674
"651",0.7,"Ideal","VS1",2987
"652",0.96,"Fair","I1",1739
"653",1.1,"Very Good","I1",3678
"654",0.32,"Ideal","VS1",972
"655",1.01,"Fair","SI2",3856
"656",1.07,"Very Good","SI1",4949
"657",0.4,"Ideal","VVS1",1123
"658",1.25,"Very Good","VS2",7305
"659",2.07,"Ideal","SI2",18344
"660",1.16,"Ideal","VS2",9432
"661",0.38,"Ideal","VS2",898
"662",0.85,"Premium","VS2",3803
"663",0.39,"Very Good","VS2",1011
"664",0.27,"Premium","IF",820
"665",0.51,"Ideal","VVS2",1974
"666",0.31,"Ideal","SI1",732
"667",0.39,"Fair","VS2",1049
"668",1.5,"Ideal","VS2",13135
"669",0.8,"Ideal","VS2",3153
"670",0.9,"Premium","SI2",2927
"671",0.71,"Ideal","SI1",2531
"672",0.41,"Ideal","VS1",1144
"673",0.51,"Ideal","SI1",1237
"674",1.03,"Ideal","IF",13060
"675",0.81,"Ideal","VS1",3257
"676",2.1,"Fair","SI2",15827
"677",0.31,"Premium","VS1",680
"678",1.03,"Very Good","SI2",4413
"679",0.75,"Premium","SI1",2782
"680",1.36,"Very Good","SI2",7288
"681",0.5,"Premium","VS1",1710
"682",0.21,"Very Good","VS2",386
"683",0.31,"Ideal","VS2",680
"684",0.29,"Very Good","VVS2",664
"685",0.32,"Ideal","VS1",758
"686",2.04,"Ideal","SI2",16261
"687",0.31,"Ideal","SI2",436
"688",1.26,"Very Good","SI1",7477
"689",1.65,"Ideal","IF",17729
"690",0.3,"Ideal","VVS1",665
"691",0.9,"Premium","SI2",3704
"692",0.65,"Very Good","VS1",2752
"693",1.01,"Ideal","VS2",7347
"694",1,"Good","VS2",3835
"695",0.59,"Very Good","VS2",1445
"696",1.66,"Good","VS2",15091
"697",0.58,"Ideal","VS2",1719
"698",1.01,"Very Good","SI2",3897
"699",0.4,"Ideal","IF",1193
"700",0.59,"Very Good","VS1",2021
"701",0.9,"Ideal","VS2",4773
"702",0.32,"Ideal","SI1",756
"703",0.31,"Very Good","VVS1",816
"704",0.9,"Very Good","VS1",4872
"705",0.51,"Ideal","VS2",1656
"706",0.35,"Premium","VS2",1063
"707",0.74,"Very Good","SI2",2222
"708",0.41,"Premium","VS1",1153
"709",0.5,"Fair","VS1",1257
"710",0.72,"Good","SI2",2056
"711",0.32,"Ideal","VS1",758
"712",0.31,"Ideal","IF",789
"713",1.47,"Very Good","VS2",12547
"714",1.01,"Premium","SI2",3733
"715",0.3,"Ideal","VS2",491
"716",0.9,"Premium","VS1",4460
"717",1.01,"Premium","VS2",3190
"718",0.81,"Premium","SI1",2585
"719",0.96,"Good","VS1",4456
"720",1.22,"Ideal","VS2",7584
"721",0.7,"Premium","VVS2",3377
"722",0.52,"Ideal","VS1",1778
"723",0.33,"Ideal","VVS2",950
"724",0.51,"Ideal","VS2",1623
"725",1.52,"Premium","VS2",11066
"726",0.33,"Ideal","VS2",594
"727",0.46,"Premium","SI1",1063
"728",1.01,"Good","SI2",4302
"729",0.7,"Fair","SI2",2092
"730",0.31,"Good","VS2",470
"731",1.01,"Fair","SI1",5147
"732",0.52,"Ideal","VS1",1872
"733",0.33,"Ideal","VS1",854
"734",0.32,"Premium","VVS2",842
"735",2,"Ideal","VS2",13531
"736",1,"Very Good","SI2",4419
"737",0.9,"Very Good","VS2",5160
"738",1.31,"Premium","VS2",6323
"739",0.58,"Ideal","SI2",1158
"740",0.61,"Ideal","VS2",2002
"741",0.38,"Ideal","VS1",721
"742",1.09,"Ideal","VVS2",9668
"743",0.32,"Ideal","VS1",828
"744",1.02,"Very Good","SI2",4241
"745",0.7,"Very Good","SI1",2161
"746",0.41,"Premium","SI2",784
"747",1.36,"Premium","SI2",7421
"748",1.03,"Premium","VS1",6749
"749",0.44,"Ideal","VVS1",1143
"750",0.51,"Very Good","VS1",1751
"751",0.51,"Ideal","SI2",973
"752",0.71,"Premium","SI1",2913
"753",1.12,"Very Good","VVS2",8564
"754",0.33,"Ideal","VS1",743
"755",0.3,"Very Good","VVS1",995
"756",1.21,"Premium","VS2",6849
"757",0.7,"Very Good","SI1",2161
"758",0.55,"Ideal","IF",2120
"759",0.56,"Ideal","VS2",1698
"760",0.35,"Premium","SI1",647
"761",0.71,"Premium","SI2",2343
"762",0.53,"Very Good","VS1",1852
"763",1.05,"Ideal","VS2",5728
"764",1.5,"Very Good","SI1",7140
"765",0.58,"Ideal","VVS1",1680
"766",0.7,"Very Good","VS1",2389
"767",1.01,"Very Good","VVS2",7885
"768",1.01,"Premium","SI1",5543
"769",2.01,"Premium","VS2",13572
"770",0.33,"Premium","VVS2",1002
"771",0.36,"Premium","SI1",770
"772",0.9,"Ideal","SI1",4034
"773",0.31,"Ideal","SI1",464
"774",0.43,"Premium","VVS1",1422
"775",0.31,"Premium","VS1",489
"776",0.25,"Very Good","VVS2",575
"777",0.35,"Very Good","VVS2",798
"778",1.12,"Premium","I1",2383
"779",0.3,"Ideal","VVS2",605
"780",0.71,"Very Good","VS1",2807
"781",0.33,"Ideal","VS1",854
"782",0.74,"Ideal","SI2",2594
"783",0.71,"Premium","SI2",1696
"784",0.71,"Very Good","SI2",2123
"785",0.72,"Ideal","SI2",2420
"786",0.28,"Ideal","IF",787
"787",1.53,"Premium","SI2",9424
"788",0.9,"Very Good","SI2",2693
"789",1.21,"Very Good","VS1",5726
"790",0.76,"Premium","SI2",2399
"791",0.32,"Premium","VVS2",720
"792",0.78,"Fair","SI1",2359
"793",1.04,"Ideal","SI1",4530
"794",0.9,"Very Good","SI2",3581
"795",1.05,"Very Good","SI2",4112
"796",0.4,"Premium","VS1",1200
"797",0.5,"Very Good","VS2",1624
"798",0.46,"Ideal","VS1",1643
"799",1.2,"Premium","SI1",5718
"800",1.5,"Premium","SI2",6750
"801",0.58,"Ideal","VVS1",1758
"802",0.3,"Ideal","VVS2",638
"803",0.39,"Ideal","VS1",894
"804",2.32,"Premium","SI1",18026
"805",1.23,"Ideal","VS1",7946
"806",0.38,"Premium","SI1",941
"807",1,"Very Good","SI2",3858
"808",0.41,"Premium","VS2",827
"809",1,"Fair","SI1",4312
"810",0.81,"Ideal","VS1",4270
"811",0.32,"Premium","VS1",505
"812",1.2,"Ideal","SI2",5613
"813",1.15,"Premium","VS2",6557
"814",1,"Very Good","VS2",6377
"815",0.63,"Ideal","SI1",2041
"816",0.59,"Fair","I1",903
"817",0.57,"Premium","SI1",1571
"818",0.3,"Good","SI1",421
"819",1.02,"Premium","VS2",5593
"820",0.97,"Premium","SI2",3346
"821",0.3,"Very Good","VS2",491
"822",1.01,"Very Good","SI1",3888
"823",2.21,"Ideal","SI2",18276
"824",1.28,"Good","VS1",5759
"825",0.33,"Ideal","VVS1",1021
"826",0.3,"Ideal","VS2",658
"827",0.9,"Premium","SI2",3578
"828",0.55,"Ideal","SI2",1173
"829",1.09,"Ideal","VVS2",8364
"830",1.32,"Ideal","VS2",10919
"831",1.11,"Ideal","VVS2",9507
"832",1.04,"Good","VS2",3844
"833",0.27,"Very Good","VVS2",591
"834",0.41,"Very Good","SI1",719
"835",0.3,"Ideal","VS2",438
"836",0.35,"Ideal","VS1",1035
"837",1.5,"Very Good","VS2",7492
"838",0.9,"Very Good","SI1",4286
"839",0.3,"Premium","VS2",911
"840",1.21,"Ideal","VS2",4968
"841",1.2,"Very Good","SI1",7191
"842",1.04,"Ideal","VVS1",10825
"843",0.31,"Ideal","VS2",872
"844",1.22,"Very Good","VS2",8340
"845",0.32,"Ideal","VS2",534
"846",0.9,"Very Good","SI1",4921
"847",0.32,"Premium","VS1",677
"848",0.57,"Ideal","VS1",2043
"849",0.32,"Ideal","VS1",716
"850",0.34,"Ideal","VS2",517
"851",0.9,"Fair","VS1",2964
"852",1.59,"Premium","VS2",11333
"853",0.28,"Ideal","VVS2",787
"854",0.71,"Premium","VS2",2770
"855",1.01,"Ideal","SI1",5939
"856",0.53,"Very Good","SI1",1152
"857",0.31,"Premium","VVS1",816
"858",0.3,"Very Good","IF",886
"859",1.02,"Good","SI1",4558
"860",0.51,"Ideal","VS2",1882
"861",0.72,"Ideal","SI1",2688
"862",0.31,"Ideal","VVS1",778
"863",0.52,"Ideal","VS2",1576
"864",0.8,"Ideal","IF",3972
"865",0.32,"Premium","VVS2",773
"866",0.3,"Good","VVS2",622
"867",1.09,"Very Good","VS1",6570
"868",0.9,"Good","VS2",4309
"869",1.1,"Very Good","SI2",4539
"870",1.06,"Ideal","SI2",4516
"871",0.55,"Premium","SI1",1819
"872",1.56,"Ideal","SI1",10728
"873",0.7,"Ideal","VS1",2363
"874",0.23,"Ideal","VS1",404
"875",0.34,"Premium","SI1",803
"876",0.41,"Ideal","IF",1367
"877",0.7,"Very Good","SI2",2058
"878",0.56,"Ideal","VS2",1672
"879",0.5,"Very Good","VS2",1819
"880",0.7,"Very Good","SI1",2230
"881",0.92,"Ideal","VS2",4568
"882",0.54,"Ideal","VVS1",1982
"883",1.5,"Good","SI1",8258
"884",0.41,"Premium","SI1",904
"885",0.32,"Ideal","VS1",529
"886",2.5,"Fair","I1",7854
"887",1.14,"Ideal","VS2",7099
"888",1.02,"Very Good","VVS2",9246
"889",0.5,"Very Good","SI2",1077
"890",1.35,"Ideal","SI1",7609
"891",0.35,"Ideal","VVS2",798
"892",1.27,"Very Good","SI1",5669
"893",0.71,"Premium","VS2",2613
"894",1.01,"Premium","VS1",8265
"895",0.7,"Premium","VS2",2479
"896",1.19,"Very Good","I1",3508
"897",0.31,"Very Good","VS2",489
"898",1.52,"Fair","I1",4648
"899",2.03,"Premium","SI2",12078
"900",1.01,"Premium","IF",9627
"901",0.4,"Very Good","VS1",980
"902",2.02,"Very Good","SI1",17658
"903",0.91,"Very Good","SI1",2852
"904",0.53,"Ideal","VS1",1721
"905",1.11,"Very Good","SI2",4442
"906",0.3,"Very Good","VS1",697
"907",0.38,"Ideal","VS2",898
"908",0.3,"Ideal","VS2",658
"909",1.08,"Premium","SI1",5758
"910",0.36,"Ideal","VS2",789
"911",0.3,"Ideal","SI2",574
"912",0.42,"Ideal","VS1",921
"913",0.26,"Very Good","VVS2",468
"914",0.8,"Ideal","VS2",4816
"915",1.51,"Very Good","SI2",8581
"916",0.77,"Very Good","VS1",3488
"917",1,"Very Good","SI2",3789
"918",0.72,"Premium","SI1",2314
"919",0.51,"Premium","VS1",1833
"920",1.13,"Very Good","SI2",3967
"921",0.4,"Ideal","SI1",694
"922",0.4,"Ideal","VVS2",1263
"923",0.71,"Ideal","VS2",3540
"924",0.9,"Fair","SI1",3145
"925",0.33,"Ideal","VVS2",741
"926",0.31,"Ideal","IF",914
"927",1.01,"Premium","VVS2",7964
"928",2.07,"Ideal","SI2",13373
"929",0.3,"Premium","SI2",574
"930",1.44,"Ideal","VS1",12093
"931",0.9,"Premium","SI2",3924
"932",1.05,"Good","SI1",4967
"933",0.7,"Very Good","SI1",2136
"934",1.12,"Ideal","VS2",9710
"935",0.31,"Ideal","VS2",942
"936",0.8,"Ideal","SI2",2657
"937",1.03,"Premium","SI2",3749
"938",1.07,"Ideal","SI2",4128
"939",1.07,"Very Good","VS1",6998
"940",1.07,"Very Good","VS1",7118
"941",1.52,"Very Good","VVS1",9593
"942",1,"Good","SI1",4989
"943",0.3,"Very Good","VS1",473
"944",0.53,"Good","SI1",1242
"945",0.82,"Ideal","SI1",3133
"946",1.02,"Very Good","SI2",4398
"947",0.52,"Ideal","SI1",1730
"948",1.28,"Ideal","SI2",5719
"949",1.14,"Good","IF",17499
"950",1.23,"Ideal","SI1",5181
"951",0.74,"Premium","VS1",2193
"952",2.01,"Very Good","SI1",18149
"953",0.31,"Ideal","VS2",642
"954",2.01,"Premium","VVS1",15836
"955",0.3,"Good","IF",631
"956",1.04,"Ideal","VS1",5577
"957",0.72,"Very Good","SI1",2688
"958",0.72,"Ideal","VS1",3759
"959",0.59,"Ideal","SI2",1265
"960",0.3,"Good","VVS2",684
"961",1.55,"Ideal","VS1",8959
"962",0.52,"Ideal","VS2",1694
"963",0.3,"Ideal","SI1",552
"964",0.5,"Premium","SI2",1240
"965",1.76,"Premium","VS2",9659
"966",0.71,"Premium","SI1",2552
"967",1.33,"Ideal","VVS2",12209
"968",1.23,"Very Good","VS1",7276
"969",0.36,"Ideal","VS2",852
"970",0.23,"Very Good","IF",369
"971",0.7,"Very Good","VS2",2593
"972",0.31,"Premium","VS2",558
"973",0.82,"Very Good","VS2",4135
"974",0.26,"Ideal","VVS2",769
"975",0.52,"Ideal","IF",1385
"976",1.5,"Good","VVS2",8732
"977",2,"Premium","SI2",11413
"978",2.01,"Premium","SI1",16287
"979",1.51,"Fair","SI2",8794
"980",0.28,"Ideal","IF",650
"981",0.91,"Premium","SI1",4476
"982",0.71,"Ideal","VS2",2630
"983",0.33,"Ideal","VS1",781
"984",0.32,"Very Good","VVS1",672
"985",1.3,"Premium","VS1",6806
"986",0.37,"Very Good","VS1",746
"987",0.55,"Ideal","SI1",1248
"988",0.31,"Ideal","SI1",533
"989",1.2,"Ideal","VS1",6380
"990",0.45,"Ideal","SI2",706
"991",1.13,"Ideal","I1",3542
"992",0.28,"Very Good","VVS1",642
"993",1.02,"Good","SI1",4093
"994",1,"Good","VS2",5148
"995",0.7,"Premium","VS2",1940
"996",0.94,"Ideal","VS2",7120
"997",0.53,"Premium","SI1",1132
"998",0.56,"Ideal","SI1",1784
"999",0.7,"Premium","VS1",3410
"1000",1.1,"Very Good","SI2",4422
"1001",0.86,"Very Good","SI1",3115
"1002",0.51,"Very Good","VS2",1438
"1003",1.7,"Good","VS1",14445
"1004",0.7,"Ideal","VS1",2492
"1005",1.15,"Premium","SI2",4985
"1006",0.39,"Very Good","VS1",790
"1007",0.3,"Very Good","SI2",506
"1008",1.02,"Ideal","SI1",4724
"1009",0.3,"Very Good","VVS1",814
"1010",1.12,"Premium","VS2",5027
"1011",0.55,"Ideal","SI1",1675
"1012",0.53,"Ideal","VS2",1877
"1013",0.72,"Premium","VS2",3205
"1014",2.02,"Very Good","SI1",18236
"1015",0.31,"Premium","VVS1",1046
"1016",1.52,"Ideal","SI1",11105
"1017",0.41,"Ideal","IF",1151
"1018",0.5,"Ideal","VS1",1716
"1019",0.9,"Very Good","VS2",3764
"1020",0.47,"Very Good","SI1",1133
"1021",0.26,"Very Good","VS1",430
"1022",0.31,"Ideal","VS2",680
"1023",0.34,"Ideal","VS1",689
"1024",1.76,"Very Good","SI1",12288
"1025",0.36,"Premium","VS2",568
"1026",0.91,"Very Good","SI2",3763
"1027",0.38,"Premium","SI1",838
"1028",0.78,"Ideal","VS2",3531
"1029",0.77,"Ideal","SI1",3108
"1030",0.7,"Ideal","SI1",2436
"1031",0.71,"Ideal","VS1",3229
"1032",1.03,"Very Good","SI2",4503
"1033",0.32,"Premium","VVS2",828
"1034",0.32,"Ideal","SI1",589
"1035",1.02,"Premium","SI1",5998
"1036",0.33,"Premium","VS2",666
"1037",1,"Very Good","SI1",5257
"1038",1.18,"Very Good","I1",3816
"1039",0.81,"Ideal","VS2",3624
"1040",0.71,"Very Good","SI1",2141
"1041",2.65,"Premium","SI2",16314
"1042",1.01,"Very Good","SI1",5107
"1043",0.72,"Premium","SI2",2355
"1044",0.42,"Ideal","VS1",1395
"1045",1.01,"Very Good","SI1",4794
"1046",0.54,"Very Good","VS1",1988
"1047",0.31,"Ideal","VVS1",772
"1048",0.43,"Premium","VS1",1131
"1049",0.53,"Ideal","VS2",1956
"1050",0.9,"Very Good","SI1",3880
"1051",0.9,"Good","SI2",2964
"1052",2.07,"Premium","SI2",13786
"1053",0.3,"Ideal","VS2",603
"1054",0.54,"Ideal","VS1",1637
"1055",0.31,"Ideal","VS2",802
"1056",1.01,"Very Good","VS2",6019
"1057",0.4,"Very Good","VS1",1053
"1058",0.9,"Very Good","SI2",3303
"1059",1.5,"Fair","VS1",15584
"1060",0.57,"Ideal","SI1",1292
"1061",0.3,"Ideal","VS2",573
"1062",0.9,"Very Good","SI1",3211
"1063",2,"Good","SI2",10416
"1064",0.52,"Ideal","VVS2",2334
"1065",0.57,"Ideal","IF",2974
"1066",1.2,"Very Good","VS1",9904
"1067",0.33,"Premium","VVS2",965
"1068",0.3,"Ideal","VVS1",895
"1069",0.72,"Ideal","SI2",2674
"1070",0.71,"Good","VVS2",2956
"1071",0.63,"Premium","SI2",1351
"1072",0.24,"Very Good","VVS2",499
"1073",1.18,"Ideal","I1",3886
"1074",0.9,"Very Good","SI1",4009
"1075",1.17,"Premium","SI2",4423
"1076",1.11,"Premium","SI2",4177
"1077",0.41,"Ideal","VVS2",1243
"1078",0.38,"Premium","SI1",898
"1079",1.21,"Ideal","VS2",8691
"1080",1.21,"Premium","SI1",4770
"1081",0.44,"Ideal","VVS1",1202
"1082",0.33,"Premium","VS2",743
"1083",0.41,"Premium","VVS1",1057
"1084",0.33,"Premium","VS2",743
"1085",0.54,"Ideal","VS2",1572
"1086",0.38,"Premium","SI2",812
"1087",0.32,"Very Good","VS2",576
"1088",0.37,"Ideal","SI1",643
"1089",0.3,"Premium","VVS1",789
"1090",0.43,"Premium","VS1",1129
"1091",0.3,"Ideal","VVS2",742
"1092",0.43,"Premium","VVS1",1207
"1093",0.9,"Premium","VS2",4194
"1094",0.31,"Very Good","VVS2",707
"1095",0.38,"Premium","VS1",1069
"1096",0.3,"Premium","SI1",554
"1097",0.57,"Very Good","VS2",1654
"1098",0.9,"Good","SI1",3290
"1099",0.34,"Ideal","VS2",805
"1100",0.39,"Ideal","SI1",675
"1101",0.76,"Ideal","VS2",3293
"1102",0.31,"Ideal","VS2",544
"1103",0.9,"Fair","SI1",3145
"1104",1.2,"Ideal","SI1",6588
"1105",0.31,"Good","SI1",618
"1106",1.29,"Very Good","VS2",8684
"1107",1,"Premium","SI1",5600
"1108",0.33,"Premium","VS1",854
"1109",0.3,"Ideal","SI1",524
"1110",1.76,"Premium","SI2",9580
"1111",0.39,"Premium","VS2",1024
"1112",1.2,"Very Good","SI1",5040
"1113",0.42,"Ideal","SI1",1040
"1114",0.33,"Ideal","VVS2",965
"1115",2.07,"Premium","SI2",13786
"1116",0.54,"Premium","SI1",1693
"1117",0.8,"Very Good","SI1",2485
"1118",0.38,"Ideal","VVS2",898
"1119",0.9,"Very Good","VS2",4709
"1120",1.01,"Good","SI1",4989
"1121",0.98,"Ideal","SI2",4470
"1122",1.01,"Premium","VS2",7522
"1123",0.31,"Ideal","SI1",491
"1124",0.57,"Ideal","VS1",2030
"1125",0.29,"Very Good","VVS1",478
"1126",0.3,"Ideal","VS2",491
"1127",1,"Very Good","SI1",4088
"1128",1.51,"Ideal","SI2",9234
"1129",0.71,"Very Good","VS2",2881
"1130",0.73,"Premium","VS1",2961
"1131",0.33,"Ideal","VS2",854
"1132",0.37,"Very Good","VVS2",779
"1133",1.23,"Ideal","VS1",7181
"1134",0.7,"Premium","SI1",2042
"1135",0.5,"Premium","SI1",1838
"1136",1.09,"Ideal","SI1",5149
"1137",0.35,"Premium","VS1",788
"1138",1.13,"Ideal","VVS2",8889
"1139",1.01,"Good","SI1",4138
"1140",1.01,"Good","VS2",5756
"1141",0.9,"Very Good","SI1",3718
"1142",1.77,"Premium","SI2",8840
"1143",0.51,"Very Good","VVS2",1577
"1144",0.46,"Ideal","VVS2",1040
"1145",0.51,"Ideal","VS2",1662
"1146",1.01,"Very Good","SI2",3592
"1147",0.34,"Ideal","I1",530
"1148",2.37,"Premium","SI2",16021
"1149",2.4,"Ideal","SI1",16274
"1150",0.9,"Very Good","SI1",3863
"1151",1.02,"Very Good","VS2",5383
"1152",0.32,"Good","SI1",589
"1153",0.7,"Very Good","SI2",1876
"1154",0.31,"Very Good","SI1",544
"1155",0.71,"Premium","SI2",2386
"1156",0.31,"Ideal","VS2",625
"1157",0.53,"Ideal","VVS1",2618
"1158",0.34,"Ideal","VVS2",880
"1159",1.11,"Very Good","VS1",6061
"1160",1.51,"Premium","SI1",8794
"1161",0.38,"Ideal","VVS2",1176
"1162",0.51,"Premium","VS2",1656
"1163",0.53,"Ideal","VS2",1598
"1164",1.51,"Premium","VVS2",15164
"1165",0.72,"Very Good","SI1",2353
"1166",0.73,"Very Good","SI1",2548
"1167",0.97,"Premium","SI2",4101
"1168",0.32,"Ideal","SI1",756
"1169",0.71,"Ideal","SI2",2086
"1170",0.79,"Good","VS1",3436
"1171",0.96,"Fair","SI2",3533
"1172",0.61,"Very Good","SI2",1437
"1173",1.53,"Premium","VS2",10224
"1174",0.9,"Good","SI2",3139
"1175",0.57,"Ideal","VS1",2065
"1176",1.01,"Premium","SI1",5599
"1177",1.55,"Ideal","VS2",14106
"1178",1,"Premium","I1",3584
"1179",0.32,"Very Good","VS1",505
"1180",0.3,"Very Good","SI2",540
"1181",1.04,"Premium","SI2",4717
"1182",1.01,"Ideal","VVS2",10283
"1183",0.7,"Good","SI2",2159
"1184",1.5,"Ideal","VS1",9533
"1185",0.42,"Ideal","SI1",898
"1186",0.38,"Premium","VVS1",1257
"1187",0.55,"Very Good","SI2",1295
"1188",1.01,"Good","SI2",4211
"1189",0.7,"Very Good","SI2",2141
"1190",1.53,"Very Good","SI1",11873
"1191",1.6,"Very Good","SI2",10646
"1192",1.54,"Premium","SI2",7486
"1193",0.32,"Ideal","VS2",828
"1194",1.03,"Premium","VS2",5364
"1195",0.35,"Ideal","VS2",706
"1196",1.02,"Ideal","SI1",5195
"1197",0.41,"Premium","SI2",539
"1198",1.27,"Premium","SI2",4353
"1199",0.31,"Ideal","VS2",489
"1200",1.01,"Very Good","VS1",5687
"1201",1.1,"Ideal","VVS2",11550
"1202",2,"Very Good","VS2",17084
"1203",0.82,"Ideal","SI2",2824
"1204",1.54,"Ideal","SI2",8254
"1205",1.52,"Premium","SI2",8010
"1206",0.7,"Good","VVS2",2858
"1207",0.5,"Very Good","VS2",1565
"1208",0.31,"Premium","VVS2",707
"1209",1.01,"Premium","VS2",6335
"1210",0.5,"Very Good","VS2",1688
"1211",1.14,"Ideal","SI2",6346
"1212",0.58,"Premium","VS1",2192
"1213",0.3,"Ideal","VVS2",878
"1214",0.5,"Ideal","VS2",1629
"1215",0.59,"Very Good","VS2",1664
"1216",0.53,"Very Good","VVS2",1724
"1217",0.57,"Good","VS2",1613
"1218",0.31,"Ideal","IF",924
"1219",0.32,"Ideal","IF",1204
"1220",0.7,"Very Good","SI1",1817
"1221",0.8,"Very Good","VS1",3603
"1222",1.01,"Ideal","SI2",4044
"1223",1.12,"Premium","SI2",4641
"1224",0.32,"Ideal","VS2",972
"1225",0.93,"Fair","VS2",3258
"1226",0.36,"Very Good","VVS2",968
"1227",0.3,"Ideal","VS2",658
"1228",0.5,"Ideal","VS1",1370
"1229",1.06,"Very Good","IF",9433
"1230",0.74,"Premium","VS1",2999
"1231",0.35,"Ideal","VS1",1091
"1232",0.52,"Ideal","VS1",2296
"1233",0.43,"Ideal","VS2",1048
"1234",0.31,"Ideal","SI2",379
"1235",0.5,"Ideal","VVS2",2639
"1236",0.9,"Good","SI2",3105
"1237",0.23,"Very Good","VS1",338
"1238",1.01,"Premium","SI1",5139
"1239",1.01,"Fair","SI1",4191
"1240",0.32,"Ideal","VS2",758
"1241",0.31,"Premium","SI1",418
"1242",2.01,"Premium","SI2",12423
"1243",0.77,"Ideal","VS1",3357
"1244",0.53,"Very Good","SI1",1044
"1245",0.34,"Premium","VS2",956
"1246",0.46,"Ideal","VVS1",1800
"1247",0.42,"Ideal","VVS2",1221
"1248",0.56,"Ideal","VS2",1819
"1249",0.58,"Very Good","VS2",1408
"1250",0.54,"Ideal","VVS1",2236
"1251",1.01,"Very Good","VS2",6204
"1252",0.34,"Ideal","SI1",765
"1253",0.9,"Good","SI1",3577
"1254",0.31,"Ideal","VVS2",1046
"1255",0.32,"Ideal","VS2",828
"1256",1.07,"Premium","SI2",4949
"1257",0.38,"Ideal","VS2",840
"1258",0.3,"Premium","VVS2",878
"1259",0.23,"Very Good","VVS2",465
"1260",1.51,"Premium","VVS2",15303
"1261",0.31,"Ideal","SI1",558
"1262",0.3,"Ideal","IF",863
"1263",2.01,"Fair","SI2",10887
"1264",0.32,"Very Good","VS1",624
"1265",0.33,"Very Good","VS2",627
"1266",0.7,"Very Good","VS2",2737
"1267",2.04,"Premium","SI2",16426
"1268",0.6,"Ideal","VS2",2137
"1269",0.3,"Very Good","VS2",357
"1270",0.35,"Premium","SI1",827
"1271",0.52,"Very Good","SI1",1326
"1272",0.33,"Ideal","VVS1",838
"1273",0.3,"Ideal","VS2",605
"1274",0.3,"Good","VVS1",789
"1275",0.52,"Premium","VS2",1815
"1276",0.24,"Ideal","VVS2",552
"1277",1.52,"Very Good","SI1",10150
"1278",1.4,"Very Good","SI2",7345
"1279",0.36,"Very Good","SI1",624
"1280",0.4,"Very Good","VVS2",982
"1281",1.05,"Ideal","SI2",4163
"1282",0.55,"Ideal","VS2",1848
"1283",1.71,"Ideal","VS1",11711
"1284",0.41,"Ideal","VVS1",1367
"1285",0.27,"Premium","VS2",603
"1286",0.73,"Premium","VS2",2746
"1287",0.77,"Ideal","SI2",2107
"1288",0.9,"Very Good","SI2",3909
"1289",0.9,"Ideal","VVS1",4783
"1290",1.35,"Ideal","SI1",6396
"1291",1,"Good","SI1",4312
"1292",1.16,"Very Good","SI2",4455
"1293",1.01,"Premium","SI2",4790
"1294",0.9,"Good","VS1",4395
"1295",1,"Premium","SI2",3640
"1296",0.6,"Very Good","SI1",1715
"1297",0.5,"Very Good","SI1",1153
"1298",1,"Good","VVS1",7007
"1299",0.3,"Good","VVS2",684
"1300",0.24,"Very Good","VS2",419
"1301",0.5,"Very Good","VS2",1436
"1302",1.22,"Ideal","VS1",9002
"1303",0.9,"Ideal","VS1",3677
"1304",0.25,"Premium","VS1",558
"1305",0.6,"Ideal","SI2",1250
"1306",1.03,"Fair","SI2",3246
"1307",0.32,"Premium","SI1",591
"1308",0.36,"Ideal","VS1",789
"1309",1,"Premium","VS2",6328
"1310",0.31,"Ideal","VS1",698
"1311",0.9,"Good","VS1",4353
"1312",0.34,"Ideal","SI1",589
"1313",0.3,"Ideal","VVS2",878
"1314",0.3,"Ideal","IF",863
"1315",0.58,"Very Good","VS2",1906
"1316",1.03,"Ideal","SI1",5653
"1317",1.01,"Very Good","SI2",4497
"1318",0.41,"Premium","VS1",1153
"1319",0.4,"Ideal","SI1",873
"1320",0.3,"Very Good","VVS2",533
"1321",0.63,"Ideal","VS1",2644
"1322",1.03,"Premium","SI2",3824
"1323",0.32,"Ideal","VS2",637
"1324",0.72,"Ideal","SI2",2410
"1325",0.56,"Ideal","VVS2",2510
"1326",1.16,"Ideal","SI2",4425
"1327",0.3,"Good","VVS1",848
"1328",2,"Very Good","SI2",15694
"1329",0.91,"Good","VS2",2813
"1330",0.57,"Very Good","VS2",1651
"1331",0.41,"Ideal","VVS1",1295
"1332",0.59,"Very Good","VS2",1986
"1333",0.32,"Ideal","VVS2",837
"1334",0.3,"Very Good","VVS1",737
"1335",1,"Very Good","SI2",4543
"1336",1.21,"Very Good","SI1",6190
"1337",1.41,"Ideal","VS1",11109
"1338",1.25,"Premium","SI2",5740
"1339",0.32,"Premium","VS2",505
"1340",1,"Ideal","SI1",4200
"1341",2.31,"Premium","VS1",17451
"1342",1.11,"Very Good","VS2",6593
"1343",0.7,"Premium","SI1",2331
"1344",0.75,"Ideal","VS2",3679
"1345",0.78,"Ideal","SI2",2561
"1346",0.4,"Ideal","VVS2",1238
"1347",0.82,"Very Good","SI1",2313
"1348",0.3,"Ideal","VS2",491
"1349",1.01,"Very Good","VS2",5204
"1350",2.64,"Ideal","SI2",17407
"1351",1,"Ideal","SI1",5197
"1352",0.38,"Ideal","VS1",1140
"1353",0.39,"Ideal","VVS1",1170
"1354",2.01,"Very Good","SI1",13464
"1355",1.11,"Premium","SI1",4096
"1356",1.01,"Very Good","SI1",4432
"1357",1.06,"Premium","VVS2",7627
"1358",1.22,"Premium","SI2",4735
"1359",0.51,"Very Good","VVS2",1762
"1360",0.3,"Premium","SI1",552
"1361",0.53,"Very Good","SI2",1000
"1362",0.39,"Good","SI1",718
"1363",0.51,"Ideal","SI1",1574
"1364",0.9,"Good","SI1",3724
"1365",0.9,"Premium","SI2",3701
"1366",0.88,"Very Good","VVS2",5052
"1367",0.56,"Ideal","VS1",1616
"1368",0.71,"Premium","VS1",2572
"1369",0.54,"Ideal","VVS1",4042
"1370",0.31,"Very Good","VS2",625
"1371",0.35,"Ideal","VVS1",627
"1372",1.2,"Very Good","SI1",6373
"1373",1.06,"Ideal","SI1",5877
"1374",0.32,"Premium","VS2",561
"1375",0.3,"Very Good","VVS2",754
"1376",1.2,"Ideal","VS2",7741
"1377",0.26,"Ideal","VS1",580
"1378",1,"Ideal","VVS1",7644
"1379",1.5,"Premium","VVS1",11155
"1380",0.54,"Ideal","VS1",1847
"1381",0.4,"Ideal","VS2",800
"1382",1.21,"Premium","SI1",6440
"1383",0.71,"Good","VVS2",2738
"1384",0.31,"Good","VVS2",846
"1385",2.02,"Very Good","SI1",18731
"1386",0.64,"Fair","VS2",1411
"1387",0.31,"Very Good","VVS2",625
"1388",0.47,"Ideal","SI1",787
"1389",0.43,"Very Good","VS2",905
"1390",0.32,"Ideal","VS1",898
"1391",0.28,"Very Good","VS1",487
"1392",0.56,"Ideal","VS2",1819
"1393",1.21,"Premium","SI1",5276
"1394",1.5,"Premium","VS1",14918
"1395",1.04,"Premium","SI2",3832
"1396",0.78,"Very Good","VS1",2694
"1397",0.53,"Ideal","VVS2",1865
"1398",0.5,"Very Good","SI1",1048
"1399",0.85,"Premium","SI2",2737
"1400",0.25,"Very Good","VVS2",467
"1401",1.06,"Ideal","SI1",6114
"1402",0.25,"Very Good","VVS2",575
"1403",0.5,"Good","VVS1",1966
"1404",1.2,"Ideal","VS2",9596
"1405",0.75,"Ideal","VS1",3696
"1406",1,"Very Good","SI1",4798
"1407",0.4,"Ideal","VVS2",1238
"1408",1.64,"Very Good","SI1",7739
"1409",1.51,"Ideal","VS2",11540
"1410",1.3,"Very Good","SI2",5047
"1411",0.53,"Very Good","VS1",1561
"1412",1.7,"Premium","VS2",11257
"1413",0.42,"Premium","VVS2",1210
"1414",0.3,"Premium","VVS1",789
"1415",0.34,"Ideal","VS2",555
"1416",1.03,"Very Good","I1",2988
"1417",1.02,"Premium","SI2",4381
"1418",0.32,"Very Good","VS2",564
"1419",1.01,"Ideal","VS1",6794
"1420",0.8,"Very Good","SI2",2487
"1421",0.33,"Ideal","VVS1",1052
"1422",1,"Premium","VS1",6006
"1423",0.62,"Fair","IF",2861
"1424",0.82,"Premium","VS1",2853
"1425",1.12,"Fair","VS1",5487
"1426",1.39,"Premium","VS1",7239
"1427",0.7,"Good","VVS2",2608
"1428",0.5,"Ideal","VS2",1614
"1429",0.32,"Ideal","VVS2",1008
"1430",0.3,"Ideal","VS2",710
"1431",0.3,"Ideal","VS2",457
"1432",0.32,"Ideal","SI1",461
"1433",0.34,"Ideal","VVS1",863
"1434",0.4,"Premium","SI2",585
"1435",1.01,"Good","SI1",4106
"1436",0.5,"Fair","VS2",1279
"1437",1.04,"Ideal","SI1",4135
"1438",0.9,"Good","VS2",4309
"1439",0.9,"Good","SI2",3084
"1440",0.42,"Ideal","SI1",700
"1441",1.21,"Ideal","VS2",7513
"1442",0.59,"Ideal","VS2",1968
"1443",0.31,"Ideal","VS2",591
"1444",0.41,"Very Good","VVS2",1061
"1445",0.25,"Very Good","VVS2",633
"1446",0.7,"Premium","SI1",2218
"1447",0.31,"Premium","VS2",698
"1448",1.54,"Premium","VS2",16889
"1449",0.33,"Very Good","VS1",540
"1450",0.38,"Very Good","SI1",672
"1451",0.54,"Ideal","SI1",1314
"1452",0.35,"Very Good","VVS2",706
"1453",0.31,"Ideal","SI1",684
"1454",0.9,"Premium","SI2",3473
"1455",0.52,"Ideal","VVS1",1809
"1456",0.23,"Ideal","VVS2",530
"1457",0.55,"Ideal","VS2",1854
"1458",1.4,"Premium","VS2",10625
"1459",0.76,"Ideal","SI2",2978
"1460",1.52,"Ideal","SI1",11797
"1461",0.92,"Premium","I1",2698
"1462",1.05,"Ideal","SI2",5110
"1463",0.91,"Good","VS1",4744
"1464",0.76,"Ideal","SI1",3050
"1465",0.35,"Ideal","VVS1",1116
"1466",0.41,"Very Good","SI1",953
"1467",1.02,"Very Good","SI1",3879
"1468",0.78,"Ideal","SI1",2169
"1469",0.4,"Premium","VS2",842
"1470",1.24,"Premium","VS1",10033
"1471",0.4,"Ideal","VVS1",1323
"1472",1.04,"Premium","SI2",4892
"1473",0.41,"Ideal","VVS1",1608
"1474",1.41,"Very Good","VVS1",14936
"1475",0.3,"Very Good","SI1",447
"1476",1.5,"Premium","SI1",11638
"1477",0.3,"Good","VS1",394
"1478",1.02,"Premium","SI1",5183
"1479",0.31,"Ideal","IF",1214
"1480",1.27,"Premium","VS1",10028
"1481",1,"Ideal","VS2",6424
"1482",1.52,"Premium","SI1",9295
"1483",0.7,"Ideal","VVS2",3238
"1484",1.23,"Very Good","VS2",6459
"1485",1.5,"Very Good","SI1",9895
"1486",0.52,"Ideal","VS2",1815
"1487",0.3,"Ideal","VVS1",979
"1488",0.34,"Ideal","VS1",760
"1489",2.04,"Fair","SI2",12454
"1490",1.2,"Very Good","VS1",6814
"1491",0.41,"Premium","SI1",791
"1492",0.9,"Very Good","VS2",4309
"1493",1.01,"Ideal","VVS2",12996
"1494",0.38,"Ideal","IF",1433
"1495",0.93,"Very Good","SI1",4256
"1496",0.71,"Very Good","SI2",1972
"1497",1.19,"Very Good","VS2",7152
"1498",0.8,"Very Good","VS2",2797
"1499",1.54,"Good","VS1",10349
"1500",1.37,"Premium","SI2",5156
"1501",0.33,"Ideal","VVS2",898
"1502",1.51,"Ideal","SI1",8396
"1503",0.41,"Good","I1",600
"1504",0.41,"Ideal","VVS1",1151
"1505",0.27,"Premium","VVS2",799
"1506",0.32,"Very Good","VS2",449
"1507",1.63,"Very Good","SI1",12282
"1508",0.7,"Very Good","VVS1",2788
"1509",1.41,"Ideal","VVS1",16545
"1510",2,"Good","SI1",12554
"1511",1.16,"Ideal","SI2",3800
"1512",0.4,"Ideal","VS1",898
"1513",0.24,"Good","IF",492
"1514",0.33,"Ideal","VS2",723
"1515",1.5,"Premium","SI1",11613
"1516",1.34,"Ideal","SI2",5778
"1517",0.43,"Very Good","IF",998
"1518",1.18,"Ideal","SI1",7216
"1519",0.52,"Ideal","VS1",1689
"1520",0.7,"Good","VVS1",3310
"1521",0.53,"Ideal","VVS1",3323
"1522",0.76,"Very Good","SI1",2557
"1523",0.91,"Fair","SI2",2825
"1524",0.26,"Very Good","SI1",658
"1525",0.9,"Premium","SI2",3326
"1526",0.52,"Fair","VS2",1030
"1527",0.24,"Very Good","VVS2",552
"1528",0.3,"Ideal","VS1",637
"1529",1.15,"Ideal","VS1",7123
"1530",0.97,"Fair","SI1",4063
"1531",0.24,"Very Good","VVS2",552
"1532",2.2,"Premium","VS2",17905
"1533",0.5,"Premium","VS1",1746
"1534",0.41,"Very Good","VS2",827
"1535",1.2,"Very Good","SI2",5250
"1536",1.52,"Premium","VS2",13768
"1537",0.3,"Ideal","SI1",477
"1538",0.42,"Ideal","VS2",958
"1539",1.55,"Premium","SI2",7319
"1540",0.83,"Ideal","SI1",3231
"1541",1.27,"Ideal","SI1",7631
"1542",2.04,"Premium","VS2",13734
"1543",1.01,"Premium","SI1",4355
"1544",1.2,"Very Good","SI1",7310
"1545",1.25,"Ideal","SI2",5932
"1546",1.31,"Very Good","SI2",6263
"1547",0.77,"Ideal","SI1",3158
"1548",0.34,"Ideal","VS2",745
"1549",0.71,"Ideal","SI1",2776
"1550",0.35,"Ideal","VS2",491
"1551",0.33,"Ideal","VS1",668
"1552",1.24,"Ideal","SI2",6111
"1553",0.7,"Premium","SI1",2176
"1554",0.51,"Premium","SI1",1687
"1555",0.32,"Ideal","SI2",407
"1556",0.9,"Ideal","SI2",3516
"1557",0.55,"Very Good","SI1",1449
"1558",0.53,"Very Good","SI1",1415
"1559",0.51,"Ideal","SI1",1569
"1560",0.72,"Ideal","VVS2",2530
"1561",0.41,"Good","SI1",738
"1562",0.3,"Ideal","SI2",367
"1563",0.32,"Premium","VVS1",1020
"1564",0.3,"Ideal","VVS1",862
"1565",1.56,"Premium","VS1",14268
"1566",0.31,"Ideal","VVS1",815
"1567",0.33,"Ideal","VVS1",1114
"1568",1,"Premium","VS1",8020
"1569",0.31,"Premium","VVS2",544
"1570",0.72,"Ideal","VS2",2724
"1571",1.56,"Premium","VS1",11345
"1572",0.54,"Very Good","VS2",1885
"1573",0.32,"Ideal","VVS2",619
"1574",0.27,"Premium","VS2",567
"1575",0.51,"Ideal","VS1",1781
"1576",2,"Premium","SI2",10976
"1577",2.01,"Premium","SI2",17746
"1578",1.4,"Ideal","VS2",10311
"1579",0.33,"Very Good","SI1",579
"1580",1.51,"Very Good","VS2",12108
"1581",0.73,"Ideal","SI1",3089
"1582",0.31,"Very Good","VVS1",763
"1583",0.38,"Very Good","VS2",866
"1584",0.7,"Premium","VVS1",2513
"1585",0.31,"Ideal","VVS1",903
"1586",1.23,"Ideal","VS2",8133
"1587",1.14,"Premium","SI1",5273
"1588",0.77,"Ideal","SI2",2885
"1589",1.02,"Premium","SI2",3455
"1590",0.28,"Ideal","IF",825
"1591",0.5,"Premium","VS2",1845
"1592",0.8,"Good","SI2",2640
"1593",0.38,"Premium","VVS2",1257
"1594",2.53,"Premium","SI2",17591
"1595",0.76,"Very Good","VS2",3111
"1596",1.52,"Ideal","VS1",7740
"1597",1.04,"Ideal","SI2",4892
"1598",0.31,"Very Good","VVS2",704
"1599",1.57,"Ideal","SI1",9555
"1600",0.32,"Very Good","SI1",477
"1601",0.7,"Ideal","VS1",2469
"1602",0.62,"Ideal","VVS2",2904
"1603",0.9,"Fair","SI1",2873
"1604",1,"Very Good","SI1",5322
"1605",0.5,"Premium","VVS2",1935
"1606",0.32,"Premium","VS1",648
"1607",0.33,"Ideal","VVS1",828
"1608",0.51,"Ideal","VS2",1343
"1609",1.07,"Ideal","SI1",5872
"1610",0.56,"Ideal","VS1",2016
"1611",0.39,"Ideal","VVS1",1124
"1612",0.29,"Very Good","VS1",504
"1613",0.55,"Very Good","VS2",1777
"1614",0.86,"Very Good","SI2",2967
"1615",0.52,"Ideal","VS1",1790
"1616",1,"Ideal","VS2",6328
"1617",0.51,"Ideal","IF",1879
"1618",0.71,"Ideal","VS2",3153
"1619",0.34,"Ideal","VS2",880
"1620",0.32,"Very Good","SI2",504
"1621",1.29,"Very Good","VS2",6537
"1622",1.3,"Very Good","VS1",10654
"1623",1.3,"Ideal","VS1",8915
"1624",1,"Premium","SI2",3998
"1625",0.24,"Very Good","VVS1",485
"1626",0.52,"Good","SI1",1244
"1627",0.91,"Very Good","SI1",4188
"1628",0.81,"Premium","SI1",3004
"1629",1.01,"Ideal","SI1",6907
"1630",0.51,"Very Good","SI1",1308
"1631",0.43,"Very Good","SI1",754
"1632",1.07,"Premium","VS2",6022
"1633",1.26,"Ideal","SI2",5937
"1634",0.92,"Ideal","VS2",3215
"1635",1.13,"Ideal","VS1",6980
"1636",0.91,"Premium","SI1",4045
"1637",2.21,"Premium","SI2",13872
"1638",0.83,"Ideal","SI1",3774
"1639",0.4,"Premium","VVS2",988
"1640",1.01,"Ideal","SI2",5206
"1641",2.38,"Premium","SI1",16643
"1642",0.31,"Premium","VS2",625
"1643",0.51,"Ideal","VS1",1781
"1644",0.56,"Ideal","VVS1",1743
"1645",1.11,"Very Good","SI2",4307
"1646",2.27,"Premium","SI2",15783
"1647",0.73,"Premium","VVS2",2496
"1648",1,"Premium","SI1",5154
"1649",0.33,"Premium","VS2",743
"1650",0.9,"Fair","SI1",4220
"1651",0.38,"Very Good","SI2",702
"1652",0.71,"Very Good","VVS1",3692
"1653",0.52,"Ideal","SI1",1075
"1654",1.14,"Ideal","SI1",5650
"1655",0.3,"Ideal","SI2",401
"1656",0.92,"Premium","SI2",3877
"1657",1.5,"Good","SI2",5208
"1658",0.7,"Fair","SI2",1806
"1659",1.19,"Ideal","VVS1",12776
"1660",2.06,"Premium","SI2",13198
"1661",0.81,"Ideal","VS2",3624
"1662",0.6,"Very Good","VVS1",2528
"1663",1.22,"Premium","VS2",5405
"1664",2.2,"Premium","VS1",15064
"1665",0.9,"Good","SI1",4229
"1666",1.62,"Good","SI2",6223
"1667",0.3,"Very Good","VS1",666
"1668",0.51,"Ideal","VS1",1851
"1669",1.2,"Premium","VS1",8580
"1670",0.25,"Very Good","VS2",404
"1671",0.72,"Ideal","VS2",2099
"1672",0.32,"Ideal","VS2",768
"1673",0.52,"Ideal","VVS1",1969
"1674",0.39,"Ideal","VVS2",1097
"1675",0.34,"Premium","VS2",596
"1676",0.31,"Ideal","VS2",942
"1677",0.33,"Premium","VS1",579
"1678",2.29,"Premium","IF",18426
"1679",1.18,"Ideal","VVS1",6378
"1680",0.83,"Ideal","SI1",4024
"1681",0.27,"Very Good","VVS2",620
"1682",0.71,"Ideal","VS1",2557
"1683",0.3,"Very Good","VS2",541
"1684",1,"Ideal","SI1",5555
"1685",0.3,"Good","VVS1",752
"1686",1.1,"Fair","SI1",3891
"1687",0.3,"Ideal","VVS2",950
"1688",2.23,"Premium","SI1",14129
"1689",0.58,"Ideal","VS1",2041
"1690",0.55,"Ideal","SI1",1551
"1691",0.3,"Good","VS2",473
"1692",1.06,"Very Good","SI2",4057
"1693",0.53,"Ideal","VS2",1813
"1694",0.5,"Very Good","VS2",1436
"1695",0.23,"Premium","VVS2",640
"1696",0.9,"Very Good","SI1",3992
"1697",0.5,"Fair","SI1",1094
"1698",0.73,"Premium","VVS2",2351
"1699",2.2,"Very Good","VS2",16239
"1700",1.32,"Ideal","SI1",7162
"1701",1.2,"Ideal","SI1",5510
"1702",1.2,"Ideal","SI2",4659
"1703",1.08,"Premium","VS2",5250
"1704",0.51,"Very Good","VS2",1633
"1705",1.1,"Ideal","SI1",5226
"1706",0.51,"Premium","VVS2",2387
"1707",0.45,"Fair","VS1",1027
"1708",0.34,"Ideal","VS2",967
"1709",0.51,"Premium","VS2",1359
"1710",0.92,"Ideal","SI2",4691
"1711",1,"Premium","SI1",4493
"1712",1.3,"Premium","SI1",7498
"1713",2.18,"Ideal","SI2",15706
"1714",0.38,"Ideal","IF",1402
"1715",0.32,"Ideal","VVS2",790
"1716",0.94,"Premium","SI1",4580
"1717",0.27,"Ideal","VVS2",799
"1718",1.52,"Ideal","VS1",17659
"1719",0.32,"Good","SI1",550
"1720",1.01,"Ideal","VS1",7465
"1721",0.3,"Premium","SI1",675
"1722",1.39,"Premium","SI2",4826
"1723",1.72,"Ideal","I1",7802
"1724",2.01,"Ideal","VS1",17068
"1725",1.55,"Premium","SI1",7638
"1726",1.5,"Premium","VS1",15708
"1727",0.23,"Very Good","VVS2",505
"1728",0.56,"Ideal","VVS1",3496
"1729",0.39,"Good","SI1",921
"1730",0.85,"Good","SI1",2163
"1731",1.5,"Very Good","VS2",14592
"1732",0.7,"Very Good","SI2",2298
"1733",0.6,"Good","VS1",1306
"1734",2.15,"Very Good","SI1",13622
"1735",0.41,"Very Good","SI1",876
"1736",0.31,"Ideal","SI1",593
"1737",1,"Good","VS1",4202
"1738",1.01,"Good","VVS1",9012
"1739",0.35,"Ideal","VS1",921
"1740",0.82,"Ideal","SI1",3979
"1741",0.52,"Ideal","SI2",1121
"1742",0.72,"Ideal","VVS1",2139
"1743",0.4,"Ideal","VS2",982
"1744",0.72,"Ideal","VS2",2952
"1745",0.38,"Very Good","VS2",871
"1746",0.4,"Good","VS1",945
"1747",0.41,"Premium","VVS2",1192
"1748",1.69,"Premium","VS2",10600
"1749",0.3,"Very Good","VS2",710
"1750",0.8,"Premium","SI2",2447
"1751",0.71,"Very Good","SI1",2887
"1752",0.44,"Premium","VVS2",1155
"1753",0.38,"Ideal","SI1",693
"1754",1.71,"Very Good","VS2",11850
"1755",1,"Very Good","SI1",4149
"1756",1.01,"Good","SI1",5627
"1757",0.51,"Very Good","VS2",1414
"1758",1.02,"Premium","VS2",4662
"1759",0.45,"Good","VS1",1241
"1760",0.54,"Ideal","SI1",1260
"1761",0.9,"Very Good","SI1",4151
"1762",1.01,"Premium","SI2",4038
"1763",1.22,"Ideal","SI1",5807
"1764",1.01,"Ideal","SI2",4079
"1765",0.43,"Good","VS2",976
"1766",1.01,"Premium","SI1",4513
"1767",2.01,"Premium","VS1",18206
"1768",1.01,"Very Good","VS1",5041
"1769",1.01,"Good","SI2",4865
"1770",0.31,"Ideal","SI1",571
"1771",0.3,"Premium","VVS2",684
"1772",1.08,"Ideal","SI2",5256
"1773",0.37,"Premium","SI1",666
"1774",0.9,"Very Good","VS2",5305
"1775",0.92,"Premium","SI2",3555
"1776",1.5,"Very Good","SI1",9996
"1777",0.5,"Fair","SI2",1031
"1778",1.04,"Very Good","VVS2",6166
"1779",2.01,"Premium","SI2",14364
"1780",1.01,"Ideal","SI2",4336
"1781",0.93,"Ideal","VS1",5375
"1782",1.04,"Premium","SI2",3669
"1783",1,"Ideal","SI1",5622
"1784",0.27,"Ideal","VS1",464
"1785",0.52,"Ideal","VVS1",1829
"1786",0.33,"Premium","SI1",743
"1787",0.28,"Good","VVS2",492
"1788",0.9,"Ideal","SI2",3104
"1789",0.31,"Ideal","VS2",698
"1790",0.38,"Ideal","SI1",610
"1791",0.54,"Premium","SI2",1250
"1792",1.01,"Very Good","SI1",4969
"1793",0.95,"Ideal","VS2",4549
"1794",0.33,"Premium","VS2",781
"1795",0.3,"Very Good","VVS1",1013
"1796",0.5,"Ideal","SI2",1250
"1797",0.33,"Premium","VVS1",1114
"1798",1.57,"Very Good","VS1",10682
"1799",0.4,"Very Good","SI2",622
"1800",1.51,"Good","SI2",6104
"1801",1.61,"Ideal","VS2",13553
"1802",0.32,"Ideal","VS2",702
"1803",0.71,"Very Good","SI1",1841
"1804",1.52,"Premium","VVS2",8202
"1805",1.01,"Ideal","SI1",4672
"1806",0.66,"Very Good","VVS2",2211
"1807",0.54,"Ideal","VS2",1389
"1808",0.26,"Very Good","VVS2",564
"1809",0.57,"Ideal","VVS1",3343
"1810",1,"Premium","SI1",4816
"1811",1.7,"Premium","SI2",7673
"1812",0.41,"Very Good","VS2",951
"1813",0.71,"Premium","SI1",2863
"1814",1.15,"Very Good","SI1",5047
"1815",0.9,"Premium","VS2",4687
"1816",0.3,"Ideal","SI1",709
"1817",0.77,"Premium","SI1",2457
"1818",0.52,"Ideal","VS2",1429
"1819",1.2,"Premium","SI1",4980
"1820",0.31,"Ideal","VS2",680
"1821",1.01,"Very Good","SI1",4418
"1822",1.41,"Premium","VS2",6754
"1823",0.32,"Premium","VS2",828
"1824",0.59,"Very Good","VS2",1552
"1825",1.08,"Premium","VS2",6532
"1826",0.7,"Good","SI1",2066
"1827",1.23,"Ideal","VVS2",10646
"1828",1.01,"Very Good","SI1",6132
"1829",0.4,"Premium","VS2",912
"1830",1.26,"Ideal","VVS2",14429
"1831",0.38,"Ideal","VS1",1092
"1832",0.6,"Premium","VS1",2142
"1833",0.91,"Very Good","SI2",3653
"1834",1.1,"Ideal","VS2",8959
"1835",0.3,"Ideal","VVS1",747
"1836",0.77,"Ideal","SI1",3345
"1837",0.41,"Very Good","VS1",1061
"1838",0.72,"Ideal","SI1",2954
"1839",1.21,"Ideal","SI1",7810
"1840",1.02,"Very Good","SI1",5131
"1841",0.42,"Ideal","VS2",1087
"1842",1.01,"Very Good","VS2",6105
"1843",0.54,"Ideal","SI1",1268
"1844",1.03,"Very Good","SI2",4679
"1845",0.9,"Good","SI2",2800
"1846",0.57,"Premium","VS2",1645
"1847",0.78,"Very Good","VS1",3472
"1848",1.38,"Very Good","VS2",6494
"1849",0.38,"Ideal","VS1",1067
"1850",2.26,"Ideal","SI1",16904
"1851",1.57,"Premium","SI1",10914
"1852",1.04,"Ideal","VVS2",6619
"1853",1,"Premium","VS2",5320
"1854",3.01,"Premium","SI2",18242
"1855",0.41,"Premium","VS1",961
"1856",0.74,"Premium","VS1",3461
"1857",0.3,"Ideal","VS2",491
"1858",0.41,"Ideal","SI1",561
"1859",0.38,"Ideal","VS1",1000
"1860",0.7,"Ideal","SI1",2230
"1861",0.46,"Ideal","SI1",930
"1862",0.24,"Very Good","VVS2",485
"1863",1.61,"Premium","VS2",7844
"1864",0.63,"Ideal","VS2",2013
"1865",0.58,"Very Good","SI2",1173
"1866",0.71,"Good","VVS2",2517
"1867",2.01,"Good","SI1",18374
"1868",0.4,"Ideal","VVS2",807
"1869",0.66,"Ideal","VVS1",2890
"1870",0.35,"Good","SI1",522
"1871",1.18,"Ideal","SI2",5657
"1872",0.72,"Good","SI1",2305
"1873",0.71,"Very Good","SI2",2256
"1874",0.4,"Very Good","VVS1",1123
"1875",0.33,"Ideal","VVS1",880
"1876",0.54,"Premium","SI1",1667
"1877",0.51,"Premium","SI1",1421
"1878",0.33,"Ideal","VS2",1002
"1879",1.22,"Premium","VS2",7870
"1880",1.02,"Good","SI1",4604
"1881",0.51,"Premium","VS1",1443
"1882",0.36,"Very Good","SI1",631
"1883",0.73,"Ideal","SI1",2234
"1884",0.31,"Ideal","IF",635
"1885",1.01,"Good","VS2",5655
"1886",0.44,"Ideal","IF",1348
"1887",1,"Fair","SI2",3142
"1888",0.31,"Good","VS1",625
"1889",1.03,"Fair","SI1",5624
"1890",0.3,"Ideal","VVS2",577
"1891",1.08,"Ideal","VS1",8321
"1892",0.73,"Ideal","VS1",2596
"1893",1.7,"Premium","SI2",9596
"1894",0.42,"Premium","VVS2",1142
"1895",0.73,"Ideal","VS1",3211
"1896",0.32,"Premium","VVS2",730
"1897",0.34,"Premium","VS2",880
"1898",0.52,"Ideal","SI2",1125
"1899",0.29,"Very Good","VS1",555
"1900",0.34,"Premium","VVS1",672
"1901",0.7,"Premium","SI1",2016
"1902",0.34,"Ideal","IF",1243
"1903",0.31,"Premium","VS2",734
"1904",0.33,"Premium","SI1",780
"1905",1.03,"Fair","SI2",3749
"1906",1.31,"Premium","VS1",6236
"1907",1.01,"Premium","SI1",4965
"1908",0.34,"Ideal","VS2",596
"1909",2.14,"Ideal","SI1",17213
"1910",0.72,"Ideal","VS2",2443
"1911",0.58,"Very Good","SI1",1332
"1912",1,"Good","SI1",4213
"1913",1.29,"Premium","SI1",6140
"1914",0.31,"Ideal","VS2",942
"1915",1.36,"Fair","SI2",4158
"1916",0.52,"Very Good","SI1",1170
"1917",0.71,"Good","VS1",3690
"1918",1.07,"Good","VS2",4602
"1919",0.24,"Very Good","VS1",378
"1920",1.5,"Ideal","SI1",12009
"1921",0.5,"Good","IF",2081
"1922",1.6,"Ideal","VS2",16240
"1923",0.35,"Ideal","VS1",829
"1924",0.91,"Good","VS2",4823
"1925",0.3,"Ideal","VVS2",742
"1926",0.82,"Fair","SI1",3057
"1927",0.36,"Premium","VVS2",1053
"1928",0.81,"Ideal","SI2",2938
"1929",2,"Good","SI2",17760
"1930",0.7,"Ideal","VVS2",2530
"1931",0.31,"Premium","VVS1",816
"1932",0.7,"Good","SI2",1806
"1933",0.3,"Good","VVS1",709
"1934",1.08,"Ideal","VS2",7187
"1935",0.32,"Ideal","VS1",645
"1936",0.34,"Ideal","VS2",967
"1937",1,"Ideal","SI1",5555
"1938",0.71,"Very Good","VS2",2450
"1939",1.02,"Ideal","SI2",4971
"1940",1.01,"Very Good","VS2",7135
"1941",0.74,"Ideal","VS2",3087
"1942",0.9,"Good","SI2",3014
"1943",1.52,"Very Good","VS2",12038
"1944",1.38,"Premium","SI2",5641
"1945",0.72,"Premium","VS2",1814
"1946",1.04,"Good","SI1",5045
"1947",1.5,"Fair","SI2",7972
"1948",0.7,"Premium","SI1",2355
"1949",1.03,"Ideal","VS1",8629
"1950",0.75,"Premium","VS2",2329
"1951",0.31,"Fair","VVS2",757
"1952",0.23,"Ideal","VVS1",505
"1953",0.38,"Very Good","VVS1",975
"1954",0.72,"Ideal","SI2",2449
"1955",0.32,"Very Good","VS1",645
"1956",0.42,"Very Good","VS1",1005
"1957",0.76,"Premium","VVS2",2792
"1958",0.3,"Very Good","VVS2",814
"1959",1.17,"Ideal","VS1",5242
"1960",0.9,"Good","VVS2",4668
"1961",0.81,"Very Good","SI1",2858
"1962",0.32,"Ideal","VS2",645
"1963",0.33,"Ideal","VVS1",939
"1964",1.03,"Good","SI1",5088
"1965",0.34,"Premium","VS2",765
"1966",0.31,"Ideal","VS1",683
"1967",1.03,"Very Good","SI2",4414
"1968",2.02,"Premium","SI2",14211
"1969",0.71,"Ideal","VS1",2685
"1970",0.39,"Good","VS2",681
"1971",0.59,"Ideal","VS1",1442
"1972",0.71,"Premium","VS2",2735
"1973",1.02,"Premium","VS2",5312
"1974",0.51,"Premium","VS1",1656
"1975",1.2,"Ideal","VS2",7243
"1976",0.7,"Premium","SI1",2331
"1977",1.01,"Ideal","SI1",4509
"1978",0.54,"Ideal","VVS2",1868
"1979",0.32,"Ideal","SI2",420
"1980",1.5,"Ideal","SI2",8471
"1981",1.41,"Premium","VS1",12671
"1982",0.71,"Very Good","SI2",2519
"1983",1.51,"Very Good","VS2",10090
"1984",0.8,"Ideal","VS1",3884
"1985",1.21,"Ideal","VS1",6292
"1986",1.74,"Ideal","VS1",11194
"1987",1.1,"Premium","SI1",5606
"1988",0.9,"Very Good","VS2",4173
"1989",1.01,"Good","VS1",7127
"1990",0.74,"Premium","VS1",3357
"1991",0.43,"Very Good","SI1",894
"1992",0.97,"Very Good","SI2",2567
"1993",0.42,"Ideal","SI1",777
"1994",0.76,"Ideal","VS2",3249
"1995",0.31,"Very Good","VS1",636
"1996",0.52,"Premium","VVS2",1911
"1997",0.43,"Premium","VVS1",1264
"1998",0.32,"Premium","IF",1020
"1999",0.41,"Ideal","SI2",683
"2000",0.7,"Good","SI1",2872
